timeStamp,elapsed,label,responseCode,responseMessage,threadName,dataType,success,failureMessage,bytes,sentBytes,grpThreads,allThreads,URL,Latency,IdleTime,Connect
1693993169455,336,1. Получить токен пользователя ,200,"Number of samples in transaction : 1, number of failing samples : 0",jp@gc - Ultimate Thread Group 1-5,,true,,1098,312,2,2,null,0,42,271
1693993169476,336,/api/tester/login,201,Created,jp@gc - Ultimate Thread Group 1-5,text,true,,1098,312,2,2,https://testslotegrator.com/api/tester/login,333,0,271
1693993169653,273,1. Получить токен пользователя ,200,"Number of samples in transaction : 1, number of failing samples : 0",jp@gc - Ultimate Thread Group 1-4,,true,,1098,312,3,3,null,0,2,213
1693993169654,273,/api/tester/login,201,Created,jp@gc - Ultimate Thread Group 1-4,text,true,,1098,312,3,3,https://testslotegrator.com/api/tester/login,273,0,213
1693993169854,301,1. Получить токен пользователя ,200,"Number of samples in transaction : 1, number of failing samples : 0",jp@gc - Ultimate Thread Group 1-3,,true,,1098,312,4,4,null,0,2,241
1693993169855,301,/api/tester/login,201,Created,jp@gc - Ultimate Thread Group 1-3,text,true,,1098,312,4,4,https://testslotegrator.com/api/tester/login,301,0,241
1693993170101,72,/api/automationTask/create (Проверка опредления переменной email),201,Created,jp@gc - Ultimate Thread Group 1-5,text,true,,462,776,4,4,https://testslotegrator.com/api/automationTask/create,72,0,0
1693993170101,77,/api/automationTask/create (Проверка опредления переменной email),201,Created,jp@gc - Ultimate Thread Group 1-4,text,true,,462,776,4,4,https://testslotegrator.com/api/automationTask/create,77,0,0
1693993170158,67,/api/automationTask/create (Проверка опредления переменной email),201,Created,jp@gc - Ultimate Thread Group 1-3,text,true,,462,776,4,4,https://testslotegrator.com/api/automationTask/create,67,0,0
1693993170173,60,3. Запросить данные профиля игрока,200,"Number of samples in transaction : 2, number of failing samples : 0",jp@gc - Ultimate Thread Group 1-5,,true,,4541,603,4,4,null,0,0,0
1693993170173,60,/api/automationTask/getOne,201,Created,jp@gc - Ultimate Thread Group 1-5,text,true,,2380,603,4,4,https://testslotegrator.com/api/automationTask/getOne,58,0,0
1693993170232,1,/api/automationTask/getOne-0,200,OK,jp@gc - Ultimate Thread Group 1-5,text,true,,1975,0,4,4,null,0,0,0
1693993170233,0,Debug Sampler,200,OK,jp@gc - Ultimate Thread Group 1-5,text,true,,2161,0,4,4,null,0,0,0
1693993170233,0,Debug Sampler-0,200,OK,jp@gc - Ultimate Thread Group 1-5,text,true,,1236,0,4,4,null,0,0,0
1693993170225,75,3. Запросить данные профиля игрока,200,"Number of samples in transaction : 2, number of failing samples : 0",jp@gc - Ultimate Thread Group 1-3,,true,,4541,603,5,5,null,0,1,0
1693993170225,75,/api/automationTask/getOne,201,Created,jp@gc - Ultimate Thread Group 1-3,text,true,,2380,603,5,5,https://testslotegrator.com/api/automationTask/getOne,75,0,0
1693993170300,0,/api/automationTask/getOne-0,200,OK,jp@gc - Ultimate Thread Group 1-3,text,true,,1975,0,5,5,null,0,0,0
1693993170301,0,Debug Sampler,200,OK,jp@gc - Ultimate Thread Group 1-3,text,true,,2161,0,5,5,null,0,0,0
1693993170301,0,Debug Sampler-0,200,OK,jp@gc - Ultimate Thread Group 1-3,text,true,,1236,0,5,5,null,0,0,0
1693993170178,170,4. Запросить данные всех пользователей и отсортировать их по имени,200,"Number of samples in transaction : 1, number of failing samples : 0",jp@gc - Ultimate Thread Group 1-4,,true,,1109,560,5,5,null,0,2,0
1693993170179,170,/api/automationTask/getAll,200,OK,jp@gc - Ultimate Thread Group 1-4,text,true,,1109,560,4,4,https://testslotegrator.com/api/automationTask/getAll,59,0,0
1693993170348,1,/api/automationTask/getAll-0,,,jp@gc - Ultimate Thread Group 1-4,,true,,424,0,0,0,null,0,0,0
1693993170054,318,1. Получить токен пользователя ,200,"Number of samples in transaction : 1, number of failing samples : 0",jp@gc - Ultimate Thread Group 1-2,,true,,1098,312,5,5,null,0,1,259
1693993170054,318,/api/tester/login,201,Created,jp@gc - Ultimate Thread Group 1-2,text,true,,1098,312,5,5,https://testslotegrator.com/api/tester/login,318,0,259
1693993170373,65,/api/automationTask/create (Проверка опредления переменной email),201,Created,jp@gc - Ultimate Thread Group 1-2,text,true,,462,776,5,5,https://testslotegrator.com/api/automationTask/create,65,0,0
1693993170438,60,3. Запросить данные профиля игрока,200,"Number of samples in transaction : 2, number of failing samples : 0",jp@gc - Ultimate Thread Group 1-2,,true,,4538,603,5,5,null,0,0,0
1693993170438,60,/api/automationTask/getOne,201,Created,jp@gc - Ultimate Thread Group 1-2,text,true,,2379,603,5,5,https://testslotegrator.com/api/automationTask/getOne,60,0,0
1693993170498,0,/api/automationTask/getOne-0,200,OK,jp@gc - Ultimate Thread Group 1-2,text,true,,1974,0,5,5,null,0,0,0
1693993170498,0,Debug Sampler,200,OK,jp@gc - Ultimate Thread Group 1-2,text,true,,2159,0,5,5,null,0,0,0
1693993170498,0,Debug Sampler-0,200,OK,jp@gc - Ultimate Thread Group 1-2,text,true,,1235,0,5,5,null,0,0,0
1693993170253,275,1. Получить токен пользователя ,200,"Number of samples in transaction : 1, number of failing samples : 0",jp@gc - Ultimate Thread Group 1-1,,true,,1098,312,5,5,null,0,1,215
1693993170254,275,/api/tester/login,201,Created,jp@gc - Ultimate Thread Group 1-1,text,true,,1098,312,5,5,https://testslotegrator.com/api/tester/login,275,0,215
1693993170234,322,1. Получить токен пользователя ,200,"Number of samples in transaction : 1, number of failing samples : 0",jp@gc - Ultimate Thread Group 1-5,,true,,1098,312,5,5,null,0,0,263
1693993170234,322,/api/tester/login,201,Created,jp@gc - Ultimate Thread Group 1-5,text,true,,1098,312,5,5,https://testslotegrator.com/api/tester/login,322,0,263
1693993170529,65,/api/automationTask/create (Проверка опредления переменной email),201,Created,jp@gc - Ultimate Thread Group 1-1,text,true,,462,776,5,5,https://testslotegrator.com/api/automationTask/create,65,0,0
1693993170301,314,1. Получить токен пользователя ,200,"Number of samples in transaction : 1, number of failing samples : 0",jp@gc - Ultimate Thread Group 1-3,,true,,1098,312,5,5,null,0,0,255
1693993170301,314,/api/tester/login,201,Created,jp@gc - Ultimate Thread Group 1-3,text,true,,1098,312,5,5,https://testslotegrator.com/api/tester/login,314,0,255
1693993170350,282,1. Получить токен пользователя ,200,"Number of samples in transaction : 1, number of failing samples : 0",jp@gc - Ultimate Thread Group 1-4,,true,,1098,312,5,5,null,0,0,222
1693993170350,282,/api/tester/login,201,Created,jp@gc - Ultimate Thread Group 1-4,text,true,,1098,312,5,5,https://testslotegrator.com/api/tester/login,282,0,222
1693993170594,65,2. Регистрация игрока,200,"Number of samples in transaction : 1, number of failing samples : 0",jp@gc - Ultimate Thread Group 1-1,,true,,462,776,5,5,null,0,0,0
1693993170594,65,/api/automationTask/create,201,Created,jp@gc - Ultimate Thread Group 1-1,text,true,,462,776,5,5,https://testslotegrator.com/api/automationTask/create,65,0,0
1693993170615,59,3. Запросить данные профиля игрока,200,"Number of samples in transaction : 2, number of failing samples : 0",jp@gc - Ultimate Thread Group 1-3,,true,,4541,603,5,5,null,0,1,0
1693993170615,59,/api/automationTask/getOne,201,Created,jp@gc - Ultimate Thread Group 1-3,text,true,,2380,603,5,5,https://testslotegrator.com/api/automationTask/getOne,59,0,0
1693993170674,0,/api/automationTask/getOne-0,200,OK,jp@gc - Ultimate Thread Group 1-3,text,true,,1975,0,5,5,null,0,0,0
1693993170675,0,Debug Sampler,200,OK,jp@gc - Ultimate Thread Group 1-3,text,true,,2161,0,5,5,null,0,0,0
1693993170675,0,Debug Sampler-0,200,OK,jp@gc - Ultimate Thread Group 1-3,text,true,,1236,0,5,5,null,0,0,0
1693993170632,60,3. Запросить данные профиля игрока,200,"Number of samples in transaction : 2, number of failing samples : 0",jp@gc - Ultimate Thread Group 1-4,,true,,4540,603,5,5,null,0,0,0
1693993170632,60,/api/automationTask/getOne,201,Created,jp@gc - Ultimate Thread Group 1-4,text,true,,2379,603,5,5,https://testslotegrator.com/api/automationTask/getOne,59,0,0
1693993170691,1,/api/automationTask/getOne-0,200,OK,jp@gc - Ultimate Thread Group 1-4,text,true,,1974,0,5,5,null,0,0,0
1693993170692,0,Debug Sampler,200,OK,jp@gc - Ultimate Thread Group 1-4,text,true,,2161,0,5,5,null,0,0,0
1693993170692,0,Debug Sampler-0,200,OK,jp@gc - Ultimate Thread Group 1-4,text,true,,1236,0,5,5,null,0,0,0
1693993170659,59,3. Запросить данные профиля игрока,200,"Number of samples in transaction : 2, number of failing samples : 0",jp@gc - Ultimate Thread Group 1-1,,true,,4578,603,5,5,null,0,0,0
1693993170659,59,/api/automationTask/getOne,201,Created,jp@gc - Ultimate Thread Group 1-1,text,true,,2391,603,5,5,https://testslotegrator.com/api/automationTask/getOne,59,0,0
1693993170718,0,/api/automationTask/getOne-0,200,OK,jp@gc - Ultimate Thread Group 1-1,text,true,,1986,0,5,5,null,0,0,0
1693993170718,0,Debug Sampler,200,OK,jp@gc - Ultimate Thread Group 1-1,text,true,,2187,0,5,5,null,0,0,0
1693993170718,0,Debug Sampler-0,200,OK,jp@gc - Ultimate Thread Group 1-1,text,true,,1249,0,5,5,null,0,0,0
1693993170718,61,4. Запросить данные всех пользователей и отсортировать их по имени,200,"Number of samples in transaction : 1, number of failing samples : 0",jp@gc - Ultimate Thread Group 1-1,,true,,1955,560,5,5,null,0,0,0
1693993170718,61,/api/automationTask/getAll,200,OK,jp@gc - Ultimate Thread Group 1-1,text,true,,1955,560,5,5,https://testslotegrator.com/api/automationTask/getAll,59,0,0
1693993170779,0,/api/automationTask/getAll-0,,,jp@gc - Ultimate Thread Group 1-1,,true,,847,0,0,0,null,0,0,0
1693993170499,317,1. Получить токен пользователя ,200,"Number of samples in transaction : 1, number of failing samples : 0",jp@gc - Ultimate Thread Group 1-2,,true,,1098,312,5,5,null,0,1,258
1693993170499,317,/api/tester/login,201,Created,jp@gc - Ultimate Thread Group 1-2,text,true,,1098,312,5,5,https://testslotegrator.com/api/tester/login,317,0,258
1693993170556,323,1. Получить токен пользователя ,200,"Number of samples in transaction : 1, number of failing samples : 0",jp@gc - Ultimate Thread Group 1-5,,true,,1098,312,5,5,null,0,2,263
1693993170557,323,/api/tester/login,201,Created,jp@gc - Ultimate Thread Group 1-5,text,true,,1098,312,5,5,https://testslotegrator.com/api/tester/login,323,0,263
1693993170817,74,4. Запросить данные всех пользователей и отсортировать их по имени,200,"Number of samples in transaction : 1, number of failing samples : 0",jp@gc - Ultimate Thread Group 1-2,,true,,1955,560,5,5,null,0,0,0
1693993170817,74,/api/automationTask/getAll,200,OK,jp@gc - Ultimate Thread Group 1-2,text,true,,1955,560,5,5,https://testslotegrator.com/api/automationTask/getAll,74,0,0
1693993170891,0,/api/automationTask/getAll-0,,,jp@gc - Ultimate Thread Group 1-2,,true,,847,0,0,0,null,0,0,0
1693993170881,63,3. Запросить данные профиля игрока,200,"Number of samples in transaction : 2, number of failing samples : 0",jp@gc - Ultimate Thread Group 1-5,,true,,4541,603,5,5,null,0,0,0
1693993170881,63,/api/automationTask/getOne,201,Created,jp@gc - Ultimate Thread Group 1-5,text,true,,2380,603,5,5,https://testslotegrator.com/api/automationTask/getOne,62,0,0
1693993170943,1,/api/automationTask/getOne-0,200,OK,jp@gc - Ultimate Thread Group 1-5,text,true,,1975,0,5,5,null,0,0,0
1693993170944,0,Debug Sampler,200,OK,jp@gc - Ultimate Thread Group 1-5,text,true,,2161,0,5,5,null,0,0,0
1693993170944,0,Debug Sampler-0,200,OK,jp@gc - Ultimate Thread Group 1-5,text,true,,1236,0,5,5,null,0,0,0
1693993170692,313,1. Получить токен пользователя ,200,"Number of samples in transaction : 1, number of failing samples : 0",jp@gc - Ultimate Thread Group 1-4,,true,,1098,312,5,5,null,0,0,253
1693993170692,313,/api/tester/login,201,Created,jp@gc - Ultimate Thread Group 1-4,text,true,,1098,312,5,5,https://testslotegrator.com/api/tester/login,313,0,253
1693993170675,331,1. Получить токен пользователя ,200,"Number of samples in transaction : 1, number of failing samples : 0",jp@gc - Ultimate Thread Group 1-3,,true,,1098,312,5,5,null,0,0,271
1693993170675,331,/api/tester/login,201,Created,jp@gc - Ultimate Thread Group 1-3,text,true,,1098,312,5,5,https://testslotegrator.com/api/tester/login,331,0,271
1693993171006,59,4. Запросить данные всех пользователей и отсортировать их по имени,200,"Number of samples in transaction : 1, number of failing samples : 0",jp@gc - Ultimate Thread Group 1-4,,true,,1955,560,5,5,null,0,0,0
1693993171006,59,/api/automationTask/getAll,200,OK,jp@gc - Ultimate Thread Group 1-4,text,true,,1955,560,5,5,https://testslotegrator.com/api/automationTask/getAll,59,0,0
1693993171065,0,/api/automationTask/getAll-0,,,jp@gc - Ultimate Thread Group 1-4,,true,,847,0,0,0,null,0,0,0
1693993171006,59,3. Запросить данные профиля игрока,200,"Number of samples in transaction : 2, number of failing samples : 0",jp@gc - Ultimate Thread Group 1-3,,true,,4541,603,5,5,null,0,1,0
1693993171007,58,/api/automationTask/getOne,201,Created,jp@gc - Ultimate Thread Group 1-3,text,true,,2380,603,5,5,https://testslotegrator.com/api/automationTask/getOne,58,0,0
1693993171065,0,/api/automationTask/getOne-0,200,OK,jp@gc - Ultimate Thread Group 1-3,text,true,,1975,0,5,5,null,0,0,0
1693993171065,1,Debug Sampler,200,OK,jp@gc - Ultimate Thread Group 1-3,text,true,,2161,0,5,5,null,0,0,0
1693993171066,0,Debug Sampler-0,200,OK,jp@gc - Ultimate Thread Group 1-3,text,true,,1236,0,5,5,null,0,0,0
1693993170780,320,1. Получить токен пользователя ,200,"Number of samples in transaction : 1, number of failing samples : 0",jp@gc - Ultimate Thread Group 1-1,,true,,1098,312,5,5,null,0,1,260
1693993170780,320,/api/tester/login,201,Created,jp@gc - Ultimate Thread Group 1-1,text,true,,1098,312,5,5,https://testslotegrator.com/api/tester/login,320,0,260
1693993171101,60,3. Запросить данные профиля игрока,200,"Number of samples in transaction : 2, number of failing samples : 0",jp@gc - Ultimate Thread Group 1-1,,true,,4578,603,5,5,null,0,0,0
1693993171101,59,/api/automationTask/getOne,201,Created,jp@gc - Ultimate Thread Group 1-1,text,true,,2391,603,5,5,https://testslotegrator.com/api/automationTask/getOne,59,0,0
1693993171160,0,/api/automationTask/getOne-0,200,OK,jp@gc - Ultimate Thread Group 1-1,text,true,,1986,0,5,5,null,0,0,0
1693993171160,1,Debug Sampler,200,OK,jp@gc - Ultimate Thread Group 1-1,text,true,,2187,0,5,5,null,0,0,0
1693993171161,0,Debug Sampler-0,200,OK,jp@gc - Ultimate Thread Group 1-1,text,true,,1249,0,5,5,null,0,0,0
1693993170892,315,1. Получить токен пользователя ,200,"Number of samples in transaction : 1, number of failing samples : 0",jp@gc - Ultimate Thread Group 1-2,,true,,1098,312,5,5,null,0,0,256
1693993170892,315,/api/tester/login,201,Created,jp@gc - Ultimate Thread Group 1-2,text,true,,1098,312,5,5,https://testslotegrator.com/api/tester/login,315,0,256
1693993171208,60,3. Запросить данные профиля игрока,200,"Number of samples in transaction : 2, number of failing samples : 0",jp@gc - Ultimate Thread Group 1-2,,true,,4538,603,5,5,null,0,0,0
1693993171208,60,/api/automationTask/getOne,201,Created,jp@gc - Ultimate Thread Group 1-2,text,true,,2379,603,5,5,https://testslotegrator.com/api/automationTask/getOne,59,0,0
1693993171268,0,/api/automationTask/getOne-0,200,OK,jp@gc - Ultimate Thread Group 1-2,text,true,,1974,0,5,5,null,0,0,0
1693993171268,0,Debug Sampler,200,OK,jp@gc - Ultimate Thread Group 1-2,text,true,,2159,0,5,5,null,0,0,0
1693993171268,0,Debug Sampler-0,200,OK,jp@gc - Ultimate Thread Group 1-2,text,true,,1235,0,5,5,null,0,0,0
1693993170944,324,1. Получить токен пользователя ,200,"Number of samples in transaction : 1, number of failing samples : 0",jp@gc - Ultimate Thread Group 1-5,,true,,1098,312,5,5,null,0,1,266
1693993170944,324,/api/tester/login,201,Created,jp@gc - Ultimate Thread Group 1-5,text,true,,1098,312,5,5,https://testslotegrator.com/api/tester/login,324,0,266
1693993171066,269,1. Получить токен пользователя ,200,"Number of samples in transaction : 1, number of failing samples : 0",jp@gc - Ultimate Thread Group 1-3,,true,,1098,312,5,5,null,0,0,210
1693993171066,269,/api/tester/login,201,Created,jp@gc - Ultimate Thread Group 1-3,text,true,,1098,312,5,5,https://testslotegrator.com/api/tester/login,269,0,210
1693993171065,316,1. Получить токен пользователя ,200,"Number of samples in transaction : 1, number of failing samples : 0",jp@gc - Ultimate Thread Group 1-4,,true,,1098,312,5,5,null,0,1,253
1693993171066,316,/api/tester/login,201,Created,jp@gc - Ultimate Thread Group 1-4,text,true,,1098,312,5,5,https://testslotegrator.com/api/tester/login,316,0,253
1693993171336,60,3. Запросить данные профиля игрока,200,"Number of samples in transaction : 2, number of failing samples : 0",jp@gc - Ultimate Thread Group 1-3,,true,,4541,603,5,5,null,0,0,0
1693993171336,60,/api/automationTask/getOne,201,Created,jp@gc - Ultimate Thread Group 1-3,text,true,,2380,603,5,5,https://testslotegrator.com/api/automationTask/getOne,60,0,0
1693993171396,0,/api/automationTask/getOne-0,200,OK,jp@gc - Ultimate Thread Group 1-3,text,true,,1975,0,5,5,null,0,0,0
1693993171396,0,Debug Sampler,200,OK,jp@gc - Ultimate Thread Group 1-3,text,true,,2161,0,5,5,null,0,0,0
1693993171396,0,Debug Sampler-0,200,OK,jp@gc - Ultimate Thread Group 1-3,text,true,,1236,0,5,5,null,0,0,0
1693993171383,63,2. Регистрация игрока,200,"Number of samples in transaction : 1, number of failing samples : 0",jp@gc - Ultimate Thread Group 1-4,,true,,462,776,5,5,null,0,0,0
1693993171383,63,/api/automationTask/create,201,Created,jp@gc - Ultimate Thread Group 1-4,text,true,,462,776,5,5,https://testslotegrator.com/api/automationTask/create,63,0,0
1693993171161,310,1. Получить токен пользователя ,200,"Number of samples in transaction : 1, number of failing samples : 0",jp@gc - Ultimate Thread Group 1-1,,true,,1098,312,5,5,null,0,1,251
1693993171161,310,/api/tester/login,201,Created,jp@gc - Ultimate Thread Group 1-1,text,true,,1098,312,5,5,https://testslotegrator.com/api/tester/login,310,0,251
1693993171446,68,3. Запросить данные профиля игрока,200,"Number of samples in transaction : 2, number of failing samples : 0",jp@gc - Ultimate Thread Group 1-4,,true,,4579,603,5,5,null,0,1,0
1693993171447,68,/api/automationTask/getOne,201,Created,jp@gc - Ultimate Thread Group 1-4,text,true,,2392,603,5,5,https://testslotegrator.com/api/automationTask/getOne,67,0,0
1693993171514,1,/api/automationTask/getOne-0,200,OK,jp@gc - Ultimate Thread Group 1-4,text,true,,1987,0,5,5,null,0,0,0
1693993171515,0,Debug Sampler,200,OK,jp@gc - Ultimate Thread Group 1-4,text,true,,2187,0,5,5,null,0,0,0
1693993171515,0,Debug Sampler-0,200,OK,jp@gc - Ultimate Thread Group 1-4,text,true,,1249,0,5,5,null,0,0,0
1693993171472,60,3. Запросить данные профиля игрока,200,"Number of samples in transaction : 2, number of failing samples : 0",jp@gc - Ultimate Thread Group 1-1,,true,,4578,603,5,5,null,0,0,0
1693993171472,60,/api/automationTask/getOne,201,Created,jp@gc - Ultimate Thread Group 1-1,text,true,,2391,603,5,5,https://testslotegrator.com/api/automationTask/getOne,59,0,0
1693993171531,1,/api/automationTask/getOne-0,200,OK,jp@gc - Ultimate Thread Group 1-1,text,true,,1986,0,5,5,null,0,0,0
1693993171532,0,Debug Sampler,200,OK,jp@gc - Ultimate Thread Group 1-1,text,true,,2187,0,5,5,null,0,0,0
1693993171532,0,Debug Sampler-0,200,OK,jp@gc - Ultimate Thread Group 1-1,text,true,,1249,0,5,5,null,0,0,0
1693993171268,275,1. Получить токен пользователя ,200,"Number of samples in transaction : 1, number of failing samples : 0",jp@gc - Ultimate Thread Group 1-2,,true,,1098,312,5,5,null,0,2,215
1693993171269,275,/api/tester/login,201,Created,jp@gc - Ultimate Thread Group 1-2,text,true,,1098,312,5,5,https://testslotegrator.com/api/tester/login,275,0,215
1693993171269,312,1. Получить токен пользователя ,200,"Number of samples in transaction : 1, number of failing samples : 0",jp@gc - Ultimate Thread Group 1-5,,true,,1098,312,5,5,null,0,0,252
1693993171269,312,/api/tester/login,201,Created,jp@gc - Ultimate Thread Group 1-5,text,true,,1098,312,5,5,https://testslotegrator.com/api/tester/login,312,0,252
1693993171515,76,4. Запросить данные всех пользователей и отсортировать их по имени,200,"Number of samples in transaction : 1, number of failing samples : 0",jp@gc - Ultimate Thread Group 1-4,,true,,2237,560,5,5,null,0,0,0
1693993171515,76,/api/automationTask/getAll,200,OK,jp@gc - Ultimate Thread Group 1-4,text,true,,2237,560,5,5,https://testslotegrator.com/api/automationTask/getAll,75,0,0
1693993171591,0,/api/automationTask/getAll-0,,,jp@gc - Ultimate Thread Group 1-4,,true,,988,0,0,0,null,0,0,0
1693993171545,60,4. Запросить данные всех пользователей и отсортировать их по имени,200,"Number of samples in transaction : 1, number of failing samples : 0",jp@gc - Ultimate Thread Group 1-2,,true,,2237,560,5,5,null,0,0,0
1693993171545,60,/api/automationTask/getAll,200,OK,jp@gc - Ultimate Thread Group 1-2,text,true,,2237,560,5,5,https://testslotegrator.com/api/automationTask/getAll,59,0,0
1693993171605,0,/api/automationTask/getAll-0,,,jp@gc - Ultimate Thread Group 1-2,,true,,988,0,0,0,null,0,0,0
1693993171581,58,3. Запросить данные профиля игрока,200,"Number of samples in transaction : 2, number of failing samples : 0",jp@gc - Ultimate Thread Group 1-5,,true,,4541,603,5,5,null,0,2,0
1693993171582,58,/api/automationTask/getOne,201,Created,jp@gc - Ultimate Thread Group 1-5,text,true,,2380,603,5,5,https://testslotegrator.com/api/automationTask/getOne,58,0,0
1693993171640,0,/api/automationTask/getOne-0,200,OK,jp@gc - Ultimate Thread Group 1-5,text,true,,1975,0,5,5,null,0,0,0
1693993171641,0,Debug Sampler,200,OK,jp@gc - Ultimate Thread Group 1-5,text,true,,2161,0,5,5,null,0,0,0
1693993171641,0,Debug Sampler-0,200,OK,jp@gc - Ultimate Thread Group 1-5,text,true,,1236,0,5,5,null,0,0,0
1693993171397,309,1. Получить токен пользователя ,200,"Number of samples in transaction : 1, number of failing samples : 0",jp@gc - Ultimate Thread Group 1-3,,true,,1098,312,5,5,null,0,1,250
1693993171398,309,/api/tester/login,201,Created,jp@gc - Ultimate Thread Group 1-3,text,true,,1098,312,5,5,https://testslotegrator.com/api/tester/login,309,0,250
1693993171708,59,3. Запросить данные профиля игрока,200,"Number of samples in transaction : 2, number of failing samples : 0",jp@gc - Ultimate Thread Group 1-3,,true,,4541,603,5,5,null,0,0,0
1693993171708,59,/api/automationTask/getOne,201,Created,jp@gc - Ultimate Thread Group 1-3,text,true,,2380,603,5,5,https://testslotegrator.com/api/automationTask/getOne,59,0,0
1693993171767,0,/api/automationTask/getOne-0,200,OK,jp@gc - Ultimate Thread Group 1-3,text,true,,1975,0,5,5,null,0,0,0
1693993171767,0,Debug Sampler,200,OK,jp@gc - Ultimate Thread Group 1-3,text,true,,2161,0,5,5,null,0,0,0
1693993171767,0,Debug Sampler-0,200,OK,jp@gc - Ultimate Thread Group 1-3,text,true,,1236,0,5,5,null,0,0,0
1693993171533,329,1. Получить токен пользователя ,200,"Number of samples in transaction : 1, number of failing samples : 0",jp@gc - Ultimate Thread Group 1-1,,true,,1098,312,5,5,null,0,0,270
1693993171533,329,/api/tester/login,201,Created,jp@gc - Ultimate Thread Group 1-1,text,true,,1098,312,5,5,https://testslotegrator.com/api/tester/login,329,0,270
1693993171605,269,1. Получить токен пользователя ,200,"Number of samples in transaction : 1, number of failing samples : 0",jp@gc - Ultimate Thread Group 1-2,,true,,1098,312,5,5,null,0,1,210
1693993171606,269,/api/tester/login,201,Created,jp@gc - Ultimate Thread Group 1-2,text,true,,1098,312,5,5,https://testslotegrator.com/api/tester/login,269,0,210
1693993171591,318,1. Получить токен пользователя ,200,"Number of samples in transaction : 1, number of failing samples : 0",jp@gc - Ultimate Thread Group 1-4,,true,,1098,312,5,5,null,0,0,258
1693993171591,318,/api/tester/login,201,Created,jp@gc - Ultimate Thread Group 1-4,text,true,,1098,312,5,5,https://testslotegrator.com/api/tester/login,318,0,258
1693993171862,60,4. Запросить данные всех пользователей и отсортировать их по имени,200,"Number of samples in transaction : 1, number of failing samples : 0",jp@gc - Ultimate Thread Group 1-1,,true,,2237,560,5,5,null,0,1,0
1693993171862,60,/api/automationTask/getAll,200,OK,jp@gc - Ultimate Thread Group 1-1,text,true,,2237,560,5,5,https://testslotegrator.com/api/automationTask/getAll,60,0,0
1693993171922,0,/api/automationTask/getAll-0,,,jp@gc - Ultimate Thread Group 1-1,,true,,988,0,0,0,null,0,0,0
1693993171875,60,3. Запросить данные профиля игрока,200,"Number of samples in transaction : 2, number of failing samples : 0",jp@gc - Ultimate Thread Group 1-2,,true,,4538,603,5,5,null,0,0,0
1693993171875,60,/api/automationTask/getOne,201,Created,jp@gc - Ultimate Thread Group 1-2,text,true,,2379,603,5,5,https://testslotegrator.com/api/automationTask/getOne,59,0,0
1693993171934,1,/api/automationTask/getOne-0,200,OK,jp@gc - Ultimate Thread Group 1-2,text,true,,1974,0,5,5,null,0,0,0
1693993171935,0,Debug Sampler,200,OK,jp@gc - Ultimate Thread Group 1-2,text,true,,2159,0,5,5,null,0,0,0
1693993171935,0,Debug Sampler-0,200,OK,jp@gc - Ultimate Thread Group 1-2,text,true,,1235,0,5,5,null,0,0,0
1693993171641,313,1. Получить токен пользователя ,200,"Number of samples in transaction : 1, number of failing samples : 0",jp@gc - Ultimate Thread Group 1-5,,true,,1098,312,5,5,null,0,0,253
1693993171641,313,/api/tester/login,201,Created,jp@gc - Ultimate Thread Group 1-5,text,true,,1098,312,5,5,https://testslotegrator.com/api/tester/login,313,0,253
1693993171910,60,3. Запросить данные профиля игрока,200,"Number of samples in transaction : 2, number of failing samples : 0",jp@gc - Ultimate Thread Group 1-4,,true,,4579,603,5,5,null,0,0,0
1693993171910,60,/api/automationTask/getOne,201,Created,jp@gc - Ultimate Thread Group 1-4,text,true,,2392,603,5,5,https://testslotegrator.com/api/automationTask/getOne,60,0,0
1693993171970,0,/api/automationTask/getOne-0,200,OK,jp@gc - Ultimate Thread Group 1-4,text,true,,1987,0,5,5,null,0,0,0
1693993171970,0,Debug Sampler,200,OK,jp@gc - Ultimate Thread Group 1-4,text,true,,2187,0,5,5,null,0,0,0
1693993171970,0,Debug Sampler-0,200,OK,jp@gc - Ultimate Thread Group 1-4,text,true,,1249,0,5,5,null,0,0,0
1693993171768,311,1. Получить токен пользователя ,200,"Number of samples in transaction : 1, number of failing samples : 0",jp@gc - Ultimate Thread Group 1-3,,true,,1098,312,5,5,null,0,0,251
1693993171768,311,/api/tester/login,201,Created,jp@gc - Ultimate Thread Group 1-3,text,true,,1098,312,5,5,https://testslotegrator.com/api/tester/login,311,0,251
1693993172079,64,2. Регистрация игрока,200,"Number of samples in transaction : 1, number of failing samples : 0",jp@gc - Ultimate Thread Group 1-3,,true,,462,776,5,5,null,0,1,0
1693993172080,64,/api/automationTask/create,201,Created,jp@gc - Ultimate Thread Group 1-3,text,true,,462,776,5,5,https://testslotegrator.com/api/automationTask/create,64,0,0
1693993172144,59,3. Запросить данные профиля игрока,200,"Number of samples in transaction : 2, number of failing samples : 0",jp@gc - Ultimate Thread Group 1-3,,true,,4580,603,5,5,null,0,1,0
1693993172144,59,/api/automationTask/getOne,201,Created,jp@gc - Ultimate Thread Group 1-3,text,true,,2393,603,5,5,https://testslotegrator.com/api/automationTask/getOne,59,0,0
1693993172203,0,/api/automationTask/getOne-0,200,OK,jp@gc - Ultimate Thread Group 1-3,text,true,,1988,0,5,5,null,0,0,0
1693993172203,0,Debug Sampler,200,OK,jp@gc - Ultimate Thread Group 1-3,text,true,,2187,0,5,5,null,0,0,0
1693993172203,0,Debug Sampler-0,200,OK,jp@gc - Ultimate Thread Group 1-3,text,true,,1249,0,5,5,null,0,0,0
1693993171923,310,1. Получить токен пользователя ,200,"Number of samples in transaction : 1, number of failing samples : 0",jp@gc - Ultimate Thread Group 1-1,,true,,1098,312,5,5,null,0,1,251
1693993171923,310,/api/tester/login,201,Created,jp@gc - Ultimate Thread Group 1-1,text,true,,1098,312,5,5,https://testslotegrator.com/api/tester/login,310,0,251
1693993171935,312,1. Получить токен пользователя ,200,"Number of samples in transaction : 1, number of failing samples : 0",jp@gc - Ultimate Thread Group 1-2,,true,,1098,312,5,5,null,0,1,253
1693993171936,312,/api/tester/login,201,Created,jp@gc - Ultimate Thread Group 1-2,text,true,,1098,312,5,5,https://testslotegrator.com/api/tester/login,312,0,253
1693993171955,310,1. Получить токен пользователя ,200,"Number of samples in transaction : 1, number of failing samples : 0",jp@gc - Ultimate Thread Group 1-5,,true,,1098,312,5,5,null,0,0,249
1693993171955,310,/api/tester/login,201,Created,jp@gc - Ultimate Thread Group 1-5,text,true,,1098,312,5,5,https://testslotegrator.com/api/tester/login,310,0,249
1693993172204,61,4. Запросить данные всех пользователей и отсортировать их по имени,200,"Number of samples in transaction : 1, number of failing samples : 0",jp@gc - Ultimate Thread Group 1-3,,true,,2520,560,5,5,null,0,0,0
1693993172204,61,/api/automationTask/getAll,200,OK,jp@gc - Ultimate Thread Group 1-3,text,true,,2520,560,5,5,https://testslotegrator.com/api/automationTask/getAll,61,0,0
1693993172265,0,/api/automationTask/getAll-0,,,jp@gc - Ultimate Thread Group 1-3,,true,,1129,0,0,0,null,0,0,0
1693993171970,310,1. Получить токен пользователя ,200,"Number of samples in transaction : 1, number of failing samples : 0",jp@gc - Ultimate Thread Group 1-4,,true,,1098,312,5,5,null,0,0,250
1693993171970,310,/api/tester/login,201,Created,jp@gc - Ultimate Thread Group 1-4,text,true,,1098,312,5,5,https://testslotegrator.com/api/tester/login,310,0,250
1693993172234,59,3. Запросить данные профиля игрока,200,"Number of samples in transaction : 2, number of failing samples : 0",jp@gc - Ultimate Thread Group 1-1,,true,,4578,603,5,5,null,0,0,0
1693993172234,59,/api/automationTask/getOne,201,Created,jp@gc - Ultimate Thread Group 1-1,text,true,,2391,603,5,5,https://testslotegrator.com/api/automationTask/getOne,59,0,0
1693993172293,0,/api/automationTask/getOne-0,200,OK,jp@gc - Ultimate Thread Group 1-1,text,true,,1986,0,5,5,null,0,0,0
1693993172293,0,Debug Sampler,200,OK,jp@gc - Ultimate Thread Group 1-1,text,true,,2187,0,5,5,null,0,0,0
1693993172293,0,Debug Sampler-0,200,OK,jp@gc - Ultimate Thread Group 1-1,text,true,,1249,0,5,5,null,0,0,0
1693993172248,59,3. Запросить данные профиля игрока,200,"Number of samples in transaction : 2, number of failing samples : 0",jp@gc - Ultimate Thread Group 1-2,,true,,4538,603,5,5,null,0,0,0
1693993172248,59,/api/automationTask/getOne,201,Created,jp@gc - Ultimate Thread Group 1-2,text,true,,2379,603,5,5,https://testslotegrator.com/api/automationTask/getOne,59,0,0
1693993172307,0,/api/automationTask/getOne-0,200,OK,jp@gc - Ultimate Thread Group 1-2,text,true,,1974,0,5,5,null,0,0,0
1693993172307,0,Debug Sampler,200,OK,jp@gc - Ultimate Thread Group 1-2,text,true,,2159,0,5,5,null,0,0,0
1693993172307,0,Debug Sampler-0,200,OK,jp@gc - Ultimate Thread Group 1-2,text,true,,1235,0,5,5,null,0,0,0
1693993172265,60,4. Запросить данные всех пользователей и отсортировать их по имени,200,"Number of samples in transaction : 1, number of failing samples : 0",jp@gc - Ultimate Thread Group 1-5,,true,,2520,560,5,5,null,0,0,0
1693993172265,60,/api/automationTask/getAll,200,OK,jp@gc - Ultimate Thread Group 1-5,text,true,,2520,560,5,5,https://testslotegrator.com/api/automationTask/getAll,60,0,0
1693993172325,0,/api/automationTask/getAll-0,,,jp@gc - Ultimate Thread Group 1-5,,true,,1129,0,0,0,null,0,0,0
1693993172280,59,3. Запросить данные профиля игрока,200,"Number of samples in transaction : 2, number of failing samples : 0",jp@gc - Ultimate Thread Group 1-4,,true,,4579,603,5,5,null,0,0,0
1693993172280,59,/api/automationTask/getOne,201,Created,jp@gc - Ultimate Thread Group 1-4,text,true,,2392,603,5,5,https://testslotegrator.com/api/automationTask/getOne,59,0,0
1693993172339,0,/api/automationTask/getOne-0,200,OK,jp@gc - Ultimate Thread Group 1-4,text,true,,1987,0,5,5,null,0,0,0
1693993172339,0,Debug Sampler,200,OK,jp@gc - Ultimate Thread Group 1-4,text,true,,2187,0,5,5,null,0,0,0
1693993172339,0,Debug Sampler-0,200,OK,jp@gc - Ultimate Thread Group 1-4,text,true,,1249,0,5,5,null,0,0,0
1693993172293,266,1. Получить токен пользователя ,200,"Number of samples in transaction : 1, number of failing samples : 0",jp@gc - Ultimate Thread Group 1-1,,true,,1098,312,5,5,null,0,1,206
1693993172294,266,/api/tester/login,201,Created,jp@gc - Ultimate Thread Group 1-1,text,true,,1098,312,5,5,https://testslotegrator.com/api/tester/login,266,0,206
1693993172265,311,1. Получить токен пользователя ,200,"Number of samples in transaction : 1, number of failing samples : 0",jp@gc - Ultimate Thread Group 1-3,,true,,1098,312,5,5,null,0,1,252
1693993172266,311,/api/tester/login,201,Created,jp@gc - Ultimate Thread Group 1-3,text,true,,1098,312,5,5,https://testslotegrator.com/api/tester/login,311,0,252
1693993172326,270,1. Получить токен пользователя ,200,"Number of samples in transaction : 1, number of failing samples : 0",jp@gc - Ultimate Thread Group 1-5,,true,,1098,312,5,5,null,0,0,207
1693993172326,270,/api/tester/login,201,Created,jp@gc - Ultimate Thread Group 1-5,text,true,,1098,312,5,5,https://testslotegrator.com/api/tester/login,270,0,207
1693993172561,60,4. Запросить данные всех пользователей и отсортировать их по имени,200,"Number of samples in transaction : 1, number of failing samples : 0",jp@gc - Ultimate Thread Group 1-1,,true,,2520,560,5,5,null,0,0,0
1693993172561,60,/api/automationTask/getAll,200,OK,jp@gc - Ultimate Thread Group 1-1,text,true,,2520,560,5,5,https://testslotegrator.com/api/automationTask/getAll,59,0,0
1693993172621,0,/api/automationTask/getAll-0,,,jp@gc - Ultimate Thread Group 1-1,,true,,1129,0,0,0,null,0,0,0
1693993172307,316,1. Получить токен пользователя ,200,"Number of samples in transaction : 1, number of failing samples : 0",jp@gc - Ultimate Thread Group 1-2,,true,,1098,312,5,5,null,0,0,256
1693993172307,316,/api/tester/login,201,Created,jp@gc - Ultimate Thread Group 1-2,text,true,,1098,312,5,5,https://testslotegrator.com/api/tester/login,316,0,256
1693993172577,61,3. Запросить данные профиля игрока,200,"Number of samples in transaction : 2, number of failing samples : 0",jp@gc - Ultimate Thread Group 1-3,,true,,4580,603,5,5,null,0,0,0
1693993172577,60,/api/automationTask/getOne,201,Created,jp@gc - Ultimate Thread Group 1-3,text,true,,2393,603,5,5,https://testslotegrator.com/api/automationTask/getOne,60,0,0
1693993172637,0,/api/automationTask/getOne-0,200,OK,jp@gc - Ultimate Thread Group 1-3,text,true,,1988,0,5,5,null,0,0,0
1693993172637,1,Debug Sampler,200,OK,jp@gc - Ultimate Thread Group 1-3,text,true,,2187,0,5,5,null,0,0,0
1693993172638,0,Debug Sampler-0,200,OK,jp@gc - Ultimate Thread Group 1-3,text,true,,1249,0,5,5,null,0,0,0
1693993172339,311,1. Получить токен пользователя ,200,"Number of samples in transaction : 1, number of failing samples : 0",jp@gc - Ultimate Thread Group 1-4,,true,,1098,312,5,5,null,0,1,253
1693993172340,311,/api/tester/login,201,Created,jp@gc - Ultimate Thread Group 1-4,text,true,,1098,312,5,5,https://testslotegrator.com/api/tester/login,311,0,253
1693993172596,59,3. Запросить данные профиля игрока,200,"Number of samples in transaction : 2, number of failing samples : 0",jp@gc - Ultimate Thread Group 1-5,,true,,4541,603,5,5,null,0,0,0
1693993172596,59,/api/automationTask/getOne,201,Created,jp@gc - Ultimate Thread Group 1-5,text,true,,2380,603,5,5,https://testslotegrator.com/api/automationTask/getOne,59,0,0
1693993172655,0,/api/automationTask/getOne-0,200,OK,jp@gc - Ultimate Thread Group 1-5,text,true,,1975,0,5,5,null,0,0,0
1693993172655,0,Debug Sampler,200,OK,jp@gc - Ultimate Thread Group 1-5,text,true,,2161,0,5,5,null,0,0,0
1693993172655,0,Debug Sampler-0,200,OK,jp@gc - Ultimate Thread Group 1-5,text,true,,1236,0,5,5,null,0,0,0
1693993172623,61,3. Запросить данные профиля игрока,200,"Number of samples in transaction : 2, number of failing samples : 0",jp@gc - Ultimate Thread Group 1-2,,true,,4538,603,5,5,null,0,0,0
1693993172623,61,/api/automationTask/getOne,201,Created,jp@gc - Ultimate Thread Group 1-2,text,true,,2379,603,5,5,https://testslotegrator.com/api/automationTask/getOne,61,0,0
1693993172684,0,/api/automationTask/getOne-0,200,OK,jp@gc - Ultimate Thread Group 1-2,text,true,,1974,0,5,5,null,0,0,0
1693993172684,0,Debug Sampler,200,OK,jp@gc - Ultimate Thread Group 1-2,text,true,,2159,0,5,5,null,0,0,0
1693993172684,0,Debug Sampler-0,200,OK,jp@gc - Ultimate Thread Group 1-2,text,true,,1235,0,5,5,null,0,0,0
1693993172621,314,1. Получить токен пользователя ,200,"Number of samples in transaction : 1, number of failing samples : 0",jp@gc - Ultimate Thread Group 1-1,,true,,1098,312,5,5,null,0,0,254
1693993172621,314,/api/tester/login,201,Created,jp@gc - Ultimate Thread Group 1-1,text,true,,1098,312,5,5,https://testslotegrator.com/api/tester/login,314,0,254
1693993172638,311,1. Получить токен пользователя ,200,"Number of samples in transaction : 1, number of failing samples : 0",jp@gc - Ultimate Thread Group 1-3,,true,,1098,312,5,5,null,0,1,252
1693993172638,311,/api/tester/login,201,Created,jp@gc - Ultimate Thread Group 1-3,text,true,,1098,312,5,5,https://testslotegrator.com/api/tester/login,311,0,252
1693993172652,314,1. Получить токен пользователя ,200,"Number of samples in transaction : 1, number of failing samples : 0",jp@gc - Ultimate Thread Group 1-4,,true,,1098,312,5,5,null,0,1,254
1693993172652,314,/api/tester/login,201,Created,jp@gc - Ultimate Thread Group 1-4,text,true,,1098,312,5,5,https://testslotegrator.com/api/tester/login,314,0,254
1693993172655,329,1. Получить токен пользователя ,200,"Number of samples in transaction : 1, number of failing samples : 0",jp@gc - Ultimate Thread Group 1-5,,true,,1098,312,5,5,null,0,1,270
1693993172656,329,/api/tester/login,201,Created,jp@gc - Ultimate Thread Group 1-5,text,true,,1098,312,5,5,https://testslotegrator.com/api/tester/login,329,0,270
1693993172684,315,1. Получить токен пользователя ,200,"Number of samples in transaction : 1, number of failing samples : 0",jp@gc - Ultimate Thread Group 1-2,,true,,1098,312,5,5,null,0,0,255
1693993172684,315,/api/tester/login,201,Created,jp@gc - Ultimate Thread Group 1-2,text,true,,1098,312,5,5,https://testslotegrator.com/api/tester/login,315,0,255
1693993172939,66,2. Регистрация игрока,200,"Number of samples in transaction : 1, number of failing samples : 0",jp@gc - Ultimate Thread Group 1-1,,true,,462,776,5,5,null,0,0,0
1693993172939,66,/api/automationTask/create,201,Created,jp@gc - Ultimate Thread Group 1-1,text,true,,462,776,5,5,https://testslotegrator.com/api/automationTask/create,66,0,0
1693993172950,58,3. Запросить данные профиля игрока,200,"Number of samples in transaction : 2, number of failing samples : 0",jp@gc - Ultimate Thread Group 1-3,,true,,4580,603,5,5,null,0,1,0
1693993172950,58,/api/automationTask/getOne,201,Created,jp@gc - Ultimate Thread Group 1-3,text,true,,2393,603,5,5,https://testslotegrator.com/api/automationTask/getOne,58,0,0
1693993173008,0,/api/automationTask/getOne-0,200,OK,jp@gc - Ultimate Thread Group 1-3,text,true,,1988,0,5,5,null,0,0,0
1693993173009,0,Debug Sampler,200,OK,jp@gc - Ultimate Thread Group 1-3,text,true,,2187,0,5,5,null,0,0,0
1693993173009,0,Debug Sampler-0,200,OK,jp@gc - Ultimate Thread Group 1-3,text,true,,1249,0,5,5,null,0,0,0
1693993172967,60,3. Запросить данные профиля игрока,200,"Number of samples in transaction : 2, number of failing samples : 0",jp@gc - Ultimate Thread Group 1-4,,true,,4579,603,5,5,null,0,0,0
1693993172967,59,/api/automationTask/getOne,201,Created,jp@gc - Ultimate Thread Group 1-4,text,true,,2392,603,5,5,https://testslotegrator.com/api/automationTask/getOne,59,0,0
1693993173026,0,/api/automationTask/getOne-0,200,OK,jp@gc - Ultimate Thread Group 1-4,text,true,,1987,0,5,5,null,0,0,0
1693993173026,1,Debug Sampler,200,OK,jp@gc - Ultimate Thread Group 1-4,text,true,,2187,0,5,5,null,0,0,0
1693993173027,0,Debug Sampler-0,200,OK,jp@gc - Ultimate Thread Group 1-4,text,true,,1249,0,5,5,null,0,0,0
1693993172985,62,4. Запросить данные всех пользователей и отсортировать их по имени,200,"Number of samples in transaction : 1, number of failing samples : 0",jp@gc - Ultimate Thread Group 1-5,,true,,2802,560,5,5,null,0,0,0
1693993172985,62,/api/automationTask/getAll,200,OK,jp@gc - Ultimate Thread Group 1-5,text,true,,2802,560,5,5,https://testslotegrator.com/api/automationTask/getAll,61,0,0
1693993173047,0,/api/automationTask/getAll-0,,,jp@gc - Ultimate Thread Group 1-5,,true,,1270,0,0,0,null,0,0,0
1693993172999,59,3. Запросить данные профиля игрока,200,"Number of samples in transaction : 2, number of failing samples : 0",jp@gc - Ultimate Thread Group 1-2,,true,,4538,603,5,5,null,0,1,0
1693993173000,59,/api/automationTask/getOne,201,Created,jp@gc - Ultimate Thread Group 1-2,text,true,,2379,603,5,5,https://testslotegrator.com/api/automationTask/getOne,58,0,0
1693993173058,1,/api/automationTask/getOne-0,200,OK,jp@gc - Ultimate Thread Group 1-2,text,true,,1974,0,5,5,null,0,0,0
1693993173059,0,Debug Sampler,200,OK,jp@gc - Ultimate Thread Group 1-2,text,true,,2159,0,5,5,null,0,0,0
1693993173059,0,Debug Sampler-0,200,OK,jp@gc - Ultimate Thread Group 1-2,text,true,,1235,0,5,5,null,0,0,0
1693993173005,59,3. Запросить данные профиля игрока,200,"Number of samples in transaction : 2, number of failing samples : 0",jp@gc - Ultimate Thread Group 1-1,,true,,4578,603,5,5,null,0,0,0
1693993173005,58,/api/automationTask/getOne,201,Created,jp@gc - Ultimate Thread Group 1-1,text,true,,2391,603,5,5,https://testslotegrator.com/api/automationTask/getOne,58,0,0
1693993173063,0,/api/automationTask/getOne-0,200,OK,jp@gc - Ultimate Thread Group 1-1,text,true,,1986,0,5,5,null,0,0,0
1693993173063,1,Debug Sampler,200,OK,jp@gc - Ultimate Thread Group 1-1,text,true,,2187,0,5,5,null,0,0,0
1693993173064,0,Debug Sampler-0,200,OK,jp@gc - Ultimate Thread Group 1-1,text,true,,1249,0,5,5,null,0,0,0
1693993173064,61,4. Запросить данные всех пользователей и отсортировать их по имени,200,"Number of samples in transaction : 1, number of failing samples : 0",jp@gc - Ultimate Thread Group 1-1,,true,,2802,560,5,5,null,0,0,0
1693993173064,61,/api/automationTask/getAll,200,OK,jp@gc - Ultimate Thread Group 1-1,text,true,,2802,560,5,5,https://testslotegrator.com/api/automationTask/getAll,61,0,0
1693993173125,0,/api/automationTask/getAll-0,,,jp@gc - Ultimate Thread Group 1-1,,true,,1270,0,0,0,null,0,0,0
1693993173009,315,1. Получить токен пользователя ,200,"Number of samples in transaction : 1, number of failing samples : 0",jp@gc - Ultimate Thread Group 1-3,,true,,1098,312,5,5,null,0,1,256
1693993173009,315,/api/tester/login,201,Created,jp@gc - Ultimate Thread Group 1-3,text,true,,1098,312,5,5,https://testslotegrator.com/api/tester/login,315,0,256
1693993173027,311,1. Получить токен пользователя ,200,"Number of samples in transaction : 1, number of failing samples : 0",jp@gc - Ultimate Thread Group 1-4,,true,,1098,312,5,5,null,0,0,252
1693993173027,311,/api/tester/login,201,Created,jp@gc - Ultimate Thread Group 1-4,text,true,,1098,312,5,5,https://testslotegrator.com/api/tester/login,311,0,252
1693993173059,315,1. Получить токен пользователя ,200,"Number of samples in transaction : 1, number of failing samples : 0",jp@gc - Ultimate Thread Group 1-2,,true,,1098,312,5,5,null,0,1,252
1693993173059,315,/api/tester/login,201,Created,jp@gc - Ultimate Thread Group 1-2,text,true,,1098,312,5,5,https://testslotegrator.com/api/tester/login,315,0,252
1693993173047,331,1. Получить токен пользователя ,200,"Number of samples in transaction : 1, number of failing samples : 0",jp@gc - Ultimate Thread Group 1-5,,true,,1098,312,5,5,null,0,0,264
1693993173047,331,/api/tester/login,201,Created,jp@gc - Ultimate Thread Group 1-5,text,true,,1098,312,5,5,https://testslotegrator.com/api/tester/login,331,0,264
1693993173325,58,3. Запросить данные профиля игрока,200,"Number of samples in transaction : 2, number of failing samples : 0",jp@gc - Ultimate Thread Group 1-3,,true,,4580,603,5,5,null,0,1,0
1693993173325,58,/api/automationTask/getOne,201,Created,jp@gc - Ultimate Thread Group 1-3,text,true,,2393,603,5,5,https://testslotegrator.com/api/automationTask/getOne,58,0,0
1693993173383,0,/api/automationTask/getOne-0,200,OK,jp@gc - Ultimate Thread Group 1-3,text,true,,1988,0,5,5,null,0,0,0
1693993173384,0,Debug Sampler,200,OK,jp@gc - Ultimate Thread Group 1-3,text,true,,2187,0,5,5,null,0,0,0
1693993173384,0,Debug Sampler-0,200,OK,jp@gc - Ultimate Thread Group 1-3,text,true,,1249,0,5,5,null,0,0,0
1693993173338,60,4. Запросить данные всех пользователей и отсортировать их по имени,200,"Number of samples in transaction : 1, number of failing samples : 0",jp@gc - Ultimate Thread Group 1-4,,true,,2802,560,5,5,null,0,0,0
1693993173338,60,/api/automationTask/getAll,200,OK,jp@gc - Ultimate Thread Group 1-4,text,true,,2802,560,5,5,https://testslotegrator.com/api/automationTask/getAll,59,0,0
1693993173398,0,/api/automationTask/getAll-0,,,jp@gc - Ultimate Thread Group 1-4,,true,,1270,0,0,0,null,0,0,0
1693993173375,59,3. Запросить данные профиля игрока,200,"Number of samples in transaction : 2, number of failing samples : 0",jp@gc - Ultimate Thread Group 1-2,,true,,4538,603,5,5,null,0,0,0
1693993173375,59,/api/automationTask/getOne,201,Created,jp@gc - Ultimate Thread Group 1-2,text,true,,2379,603,5,5,https://testslotegrator.com/api/automationTask/getOne,59,0,0
1693993173434,0,/api/automationTask/getOne-0,200,OK,jp@gc - Ultimate Thread Group 1-2,text,true,,1974,0,5,5,null,0,0,0
1693993173434,0,Debug Sampler,200,OK,jp@gc - Ultimate Thread Group 1-2,text,true,,2159,0,5,5,null,0,0,0
1693993173434,0,Debug Sampler-0,200,OK,jp@gc - Ultimate Thread Group 1-2,text,true,,1235,0,5,5,null,0,0,0
1693993173378,65,3. Запросить данные профиля игрока,200,"Number of samples in transaction : 2, number of failing samples : 0",jp@gc - Ultimate Thread Group 1-5,,true,,4541,603,5,5,null,0,1,0
1693993173378,65,/api/automationTask/getOne,201,Created,jp@gc - Ultimate Thread Group 1-5,text,true,,2380,603,5,5,https://testslotegrator.com/api/automationTask/getOne,65,0,0
1693993173443,0,/api/automationTask/getOne-0,200,OK,jp@gc - Ultimate Thread Group 1-5,text,true,,1975,0,5,5,null,0,0,0
1693993173443,0,Debug Sampler,200,OK,jp@gc - Ultimate Thread Group 1-5,text,true,,2161,0,5,5,null,0,0,0
1693993173443,0,Debug Sampler-0,200,OK,jp@gc - Ultimate Thread Group 1-5,text,true,,1236,0,5,5,null,0,0,0
1693993173125,335,1. Получить токен пользователя ,200,"Number of samples in transaction : 1, number of failing samples : 0",jp@gc - Ultimate Thread Group 1-1,,true,,1098,312,5,5,null,0,1,265
1693993173126,335,/api/tester/login,201,Created,jp@gc - Ultimate Thread Group 1-1,text,true,,1098,312,5,5,https://testslotegrator.com/api/tester/login,335,0,265
1693993173384,278,1. Получить токен пользователя ,200,"Number of samples in transaction : 1, number of failing samples : 0",jp@gc - Ultimate Thread Group 1-3,,true,,1098,312,5,5,null,0,0,219
1693993173384,278,/api/tester/login,201,Created,jp@gc - Ultimate Thread Group 1-3,text,true,,1098,312,5,5,https://testslotegrator.com/api/tester/login,278,0,219
1693993173444,268,1. Получить токен пользователя ,200,"Number of samples in transaction : 1, number of failing samples : 0",jp@gc - Ultimate Thread Group 1-5,,true,,1098,312,5,5,null,0,0,209
1693993173444,268,/api/tester/login,201,Created,jp@gc - Ultimate Thread Group 1-5,text,true,,1098,312,5,5,https://testslotegrator.com/api/tester/login,268,0,209
1693993173663,62,2. Регистрация игрока,200,"Number of samples in transaction : 1, number of failing samples : 0",jp@gc - Ultimate Thread Group 1-3,,true,,462,776,5,5,null,0,1,0
1693993173663,62,/api/automationTask/create,201,Created,jp@gc - Ultimate Thread Group 1-3,text,true,,462,776,5,5,https://testslotegrator.com/api/automationTask/create,62,0,0
1693993173398,330,1. Получить токен пользователя ,200,"Number of samples in transaction : 1, number of failing samples : 0",jp@gc - Ultimate Thread Group 1-4,,true,,1098,312,5,5,null,0,0,271
1693993173398,330,/api/tester/login,201,Created,jp@gc - Ultimate Thread Group 1-4,text,true,,1098,312,5,5,https://testslotegrator.com/api/tester/login,330,0,271
1693993173443,315,1. Получить токен пользователя ,200,"Number of samples in transaction : 1, number of failing samples : 0",jp@gc - Ultimate Thread Group 1-2,,true,,1098,312,5,5,null,0,0,256
1693993173443,315,/api/tester/login,201,Created,jp@gc - Ultimate Thread Group 1-2,text,true,,1098,312,5,5,https://testslotegrator.com/api/tester/login,315,0,256
1693993173462,310,1. Получить токен пользователя ,200,"Number of samples in transaction : 1, number of failing samples : 0",jp@gc - Ultimate Thread Group 1-1,,true,,1098,312,5,5,null,0,0,251
1693993173462,310,/api/tester/login,201,Created,jp@gc - Ultimate Thread Group 1-1,text,true,,1098,312,5,5,https://testslotegrator.com/api/tester/login,310,0,251
1693993173712,61,4. Запросить данные всех пользователей и отсортировать их по имени,200,"Number of samples in transaction : 1, number of failing samples : 0",jp@gc - Ultimate Thread Group 1-5,,true,,3084,560,5,5,null,0,0,0
1693993173712,61,/api/automationTask/getAll,200,OK,jp@gc - Ultimate Thread Group 1-5,text,true,,3084,560,5,5,https://testslotegrator.com/api/automationTask/getAll,60,0,0
1693993173773,0,/api/automationTask/getAll-0,,,jp@gc - Ultimate Thread Group 1-5,,true,,1411,0,0,0,null,0,0,0
1693993173726,61,3. Запросить данные профиля игрока,200,"Number of samples in transaction : 2, number of failing samples : 0",jp@gc - Ultimate Thread Group 1-3,,true,,4580,603,5,5,null,0,0,0
1693993173726,60,/api/automationTask/getOne,201,Created,jp@gc - Ultimate Thread Group 1-3,text,true,,2393,603,5,5,https://testslotegrator.com/api/automationTask/getOne,60,0,0
1693993173786,0,/api/automationTask/getOne-0,200,OK,jp@gc - Ultimate Thread Group 1-3,text,true,,1988,0,5,5,null,0,0,0
1693993173786,1,Debug Sampler,200,OK,jp@gc - Ultimate Thread Group 1-3,text,true,,2187,0,5,5,null,0,0,0
1693993173786,1,Debug Sampler-0,200,OK,jp@gc - Ultimate Thread Group 1-3,text,true,,1249,0,5,5,null,0,0,0
1693993173729,61,3. Запросить данные профиля игрока,200,"Number of samples in transaction : 2, number of failing samples : 0",jp@gc - Ultimate Thread Group 1-4,,true,,4579,603,5,5,null,0,0,0
1693993173729,60,/api/automationTask/getOne,201,Created,jp@gc - Ultimate Thread Group 1-4,text,true,,2392,603,5,5,https://testslotegrator.com/api/automationTask/getOne,60,0,0
1693993173789,0,/api/automationTask/getOne-0,200,OK,jp@gc - Ultimate Thread Group 1-4,text,true,,1987,0,5,5,null,0,0,0
1693993173789,1,Debug Sampler,200,OK,jp@gc - Ultimate Thread Group 1-4,text,true,,2187,0,5,5,null,0,0,0
1693993173789,1,Debug Sampler-0,200,OK,jp@gc - Ultimate Thread Group 1-4,text,true,,1249,0,5,5,null,0,0,0
1693993173758,59,3. Запросить данные профиля игрока,200,"Number of samples in transaction : 2, number of failing samples : 0",jp@gc - Ultimate Thread Group 1-2,,true,,4538,603,5,5,null,0,0,0
1693993173758,59,/api/automationTask/getOne,201,Created,jp@gc - Ultimate Thread Group 1-2,text,true,,2379,603,5,5,https://testslotegrator.com/api/automationTask/getOne,59,0,0
1693993173817,0,/api/automationTask/getOne-0,200,OK,jp@gc - Ultimate Thread Group 1-2,text,true,,1974,0,5,5,null,0,0,0
1693993173817,0,Debug Sampler,200,OK,jp@gc - Ultimate Thread Group 1-2,text,true,,2159,0,5,5,null,0,0,0
1693993173817,0,Debug Sampler-0,200,OK,jp@gc - Ultimate Thread Group 1-2,text,true,,1235,0,5,5,null,0,0,0
1693993173772,58,3. Запросить данные профиля игрока,200,"Number of samples in transaction : 2, number of failing samples : 0",jp@gc - Ultimate Thread Group 1-1,,true,,4578,603,5,5,null,0,1,0
1693993173772,58,/api/automationTask/getOne,201,Created,jp@gc - Ultimate Thread Group 1-1,text,true,,2391,603,5,5,https://testslotegrator.com/api/automationTask/getOne,58,0,0
1693993173830,0,/api/automationTask/getOne-0,200,OK,jp@gc - Ultimate Thread Group 1-1,text,true,,1986,0,5,5,null,0,0,0
1693993173830,0,Debug Sampler,200,OK,jp@gc - Ultimate Thread Group 1-1,text,true,,2187,0,5,5,null,0,0,0
1693993173830,0,Debug Sampler-0,200,OK,jp@gc - Ultimate Thread Group 1-1,text,true,,1249,0,5,5,null,0,0,0
1693993173787,59,4. Запросить данные всех пользователей и отсортировать их по имени,200,"Number of samples in transaction : 1, number of failing samples : 0",jp@gc - Ultimate Thread Group 1-3,,true,,3084,560,5,5,null,0,0,0
1693993173787,59,/api/automationTask/getAll,200,OK,jp@gc - Ultimate Thread Group 1-3,text,true,,3084,560,5,5,https://testslotegrator.com/api/automationTask/getAll,58,0,0
1693993173846,0,/api/automationTask/getAll-0,,,jp@gc - Ultimate Thread Group 1-3,,true,,1411,0,0,0,null,0,0,0
1693993173790,70,1. Получить токен пользователя ,Non HTTP response code: java.net.SocketException,,jp@gc - Ultimate Thread Group 1-4,,false,,2935,0,6,6,null,0,0,0
1693993173790,70,/api/tester/login,Non HTTP response code: java.net.SocketException,Non HTTP response message: Socket closed,jp@gc - Ultimate Thread Group 1-4,text,false,,2935,0,6,6,https://testslotegrator.com/api/tester/login,0,0,70
1693993173831,32,1. Получить токен пользователя ,Non HTTP response code: java.net.SocketException,,jp@gc - Ultimate Thread Group 1-1,,false,,2581,0,5,5,null,0,0,0
1693993173831,32,/api/tester/login,Non HTTP response code: java.net.SocketException,Non HTTP response message: Socket operation on nonsocket: connect,jp@gc - Ultimate Thread Group 1-1,text,false,,2581,0,6,6,https://testslotegrator.com/api/tester/login,0,0,32
1693993173773,91,1. Получить токен пользователя ,Non HTTP response code: java.net.SocketException,,jp@gc - Ultimate Thread Group 1-5,,false,,2935,0,4,4,null,0,0,0
1693993173773,91,/api/tester/login,Non HTTP response code: java.net.SocketException,Non HTTP response message: Socket closed,jp@gc - Ultimate Thread Group 1-5,text,false,,2935,0,4,4,https://testslotegrator.com/api/tester/login,0,0,91
1693993173817,48,1. Получить токен пользователя ,Non HTTP response code: java.net.SocketException,,jp@gc - Ultimate Thread Group 1-2,,false,,2581,0,3,3,null,0,0,0
1693993173817,48,/api/tester/login,Non HTTP response code: java.net.SocketException,Non HTTP response message: Socket operation on nonsocket: connect,jp@gc - Ultimate Thread Group 1-2,text,false,,2581,0,3,3,https://testslotegrator.com/api/tester/login,0,0,48
1693993173847,18,1. Получить токен пользователя ,Non HTTP response code: java.net.SocketException,,jp@gc - Ultimate Thread Group 1-3,,false,,2581,0,2,2,null,0,0,0
1693993173847,18,/api/tester/login,Non HTTP response code: java.net.SocketException,Non HTTP response message: Socket operation on nonsocket: connect,jp@gc - Ultimate Thread Group 1-3,text,false,,2581,0,3,3,https://testslotegrator.com/api/tester/login,0,0,18
1693993173868,1030,5. Удалить всех ранее созданных пользователей,200,"Number of samples in transaction : 12, number of failing samples : 0",Очистка тестовых данных  1-1,,true,,10944,7675,1,1,null,0,2,262
1693993173868,322,/api/tester/login,201,Created,Очистка тестовых данных  1-1,text,true,,2760,312,1,1,https://testslotegrator.com/api/tester/login,322,0,262
1693993174190,0,/api/tester/login-0,200,OK,Очистка тестовых данных  1-1,text,true,,1662,0,1,1,null,0,0,0
1693993174191,61,/api/automationTask/getAll,200,OK,Очистка тестовых данных  1-1,text,true,,3614,943,1,1,https://testslotegrator.com/api/automationTask/getAll,59,0,0
1693993174252,0,/api/automationTask/getAll-0,200,OK,Очистка тестовых данных  1-1,text,true,,1941,0,1,1,null,0,0,0
1693993174252,68,/api/automationTask/deleteOne/64f848d215ea3d2a62aae64e,200,OK,Очистка тестовых данных  1-1,text,true,,457,642,1,1,https://testslotegrator.com/api/automationTask/deleteOne/64f848d215ea3d2a62aae64e,68,0,0
1693993174321,63,/api/automationTask/deleteOne/64f848d215ea3d2a62aae64f,200,OK,Очистка тестовых данных  1-1,text,true,,457,642,1,1,https://testslotegrator.com/api/automationTask/deleteOne/64f848d215ea3d2a62aae64f,63,0,0
1693993174384,64,/api/automationTask/deleteOne/64f848d315ea3d2a62aae650,200,OK,Очистка тестовых данных  1-1,text,true,,457,642,1,1,https://testslotegrator.com/api/automationTask/deleteOne/64f848d315ea3d2a62aae650,64,0,0
1693993174448,64,/api/automationTask/deleteOne/64f848d315ea3d2a62aae651,200,OK,Очистка тестовых данных  1-1,text,true,,457,642,1,1,https://testslotegrator.com/api/automationTask/deleteOne/64f848d315ea3d2a62aae651,64,0,0
1693993174512,65,/api/automationTask/deleteOne/64f848d315ea3d2a62aae652,200,OK,Очистка тестовых данных  1-1,text,true,,457,642,1,1,https://testslotegrator.com/api/automationTask/deleteOne/64f848d315ea3d2a62aae652,65,0,0
1693993174577,70,/api/automationTask/deleteOne/64f848d315ea3d2a62aae653,200,OK,Очистка тестовых данных  1-1,text,true,,457,642,1,1,https://testslotegrator.com/api/automationTask/deleteOne/64f848d315ea3d2a62aae653,70,0,0
1693993174647,64,/api/automationTask/deleteOne/64f848d415ea3d2a62aae654,200,OK,Очистка тестовых данных  1-1,text,true,,457,642,1,1,https://testslotegrator.com/api/automationTask/deleteOne/64f848d415ea3d2a62aae654,64,0,0
1693993174711,63,/api/automationTask/deleteOne/64f848d415ea3d2a62aae655,200,OK,Очистка тестовых данных  1-1,text,true,,457,642,1,1,https://testslotegrator.com/api/automationTask/deleteOne/64f848d415ea3d2a62aae655,63,0,0
1693993174775,62,/api/automationTask/deleteOne/64f848d515ea3d2a62aae656,200,OK,Очистка тестовых данных  1-1,text,true,,457,642,1,1,https://testslotegrator.com/api/automationTask/deleteOne/64f848d515ea3d2a62aae656,62,0,0
1693993174837,64,/api/automationTask/deleteOne/64f848d615ea3d2a62aae657,200,OK,Очистка тестовых данных  1-1,text,true,,457,642,1,1,https://testslotegrator.com/api/automationTask/deleteOne/64f848d615ea3d2a62aae657,64,0,0
1693993174901,60,6. Запросить список всех пользователей и убедиться что он пустой ,200,"Number of samples in transaction : 1, number of failing samples : 0",Очистка тестовых данных  1-1,,true,,259,546,1,1,null,0,1,0
1693993174902,60,/api/automationTask/getAll,200,OK,Очистка тестовых данных  1-1,text,true,,259,546,1,1,https://testslotegrator.com/api/automationTask/getAll?userIds_matchNr=0,60,0,0
